{"cameraMode":{"drawMode":0,"name":"Shaded","section":"Shading Mode"},"sceneLighting":false,"audioPlay":false,"sceneViewState":{"showFog":true,"showMaterialUpdate":false,"showSkybox":false,"showFlares":true,"showImageEffects":true,"showParticleSystems":true},"in2DMode":false,"pivot":{"x":272.6270751953125,"y":-1027.7637939453125,"z":171.42929077148438},"rotation":{"x":-0.16922716796398164,"y":0.7945421934127808,"z":-0.5233746767044067,"w":-0.2578805387020111},"size":574.1426391601563,"orthographic":false}