{"cameraMode":{"drawMode":0,"name":"Shaded","section":"Shading Mode"},"sceneLighting":false,"audioPlay":false,"sceneViewState":{"showFog":true,"showMaterialUpdate":false,"showSkybox":false,"showFlares":true,"showImageEffects":true,"showParticleSystems":true},"in2DMode":false,"pivot":{"x":-1.267584204673767,"y":1.5323355197906495,"z":3.151003837585449},"rotation":{"x":0.017336418852210046,"y":0.9780156016349793,"z":-0.09004361927509308,"w":0.18823646008968354},"size":0.8660253882408142,"orthographic":false}