{"cameraMode":{"drawMode":0,"name":"Shaded","section":"Shading Mode"},"sceneLighting":false,"audioPlay":false,"sceneViewState":{"showFog":true,"showMaterialUpdate":false,"showSkybox":false,"showFlares":true,"showImageEffects":true,"showParticleSystems":true},"in2DMode":false,"pivot":{"x":3.663501739501953,"y":1.4272689819335938,"z":-2.3374228477478029},"rotation":{"x":0.0671873688697815,"y":0.8797697424888611,"z":-0.13052833080291749,"w":0.45257607102394106},"size":4.8218255043029789,"orthographic":false}